Sample_ID,id,species,origin,transplant,RTEtime_months,status.survival,extension_mm,density_g.cm3,tissue.vol_ml,tissue.area_cm2,chla.conc_ug.ml,zoox.conc_cell.ml,prot.conc_mg.ml,zoox.cells.cm2,chla.ug.cm2,chla.ug.cell,chla.10.6.ug.cm2,protein.mg.cm2,zoox.10.6.cells.cm2,Origin_code,Origin_name,Origin_type,treatment_Origin-Dest,Destination_code,Destination_type,Destination_name,pH_Destination,transplant.position,Colony_ID,coral.collection.date_YYYY-MM-DD,RTE.deployment.date_YYYY-MM-DD,sampling.date.RNAlater_year2_YYYY-MM-DD,RNA-seq
NC_291_C_Pa_yr2,291,Porites astreoides,Control,Control,24,0,11.2,,50,,1.67996,130000,,,,1.29228E-05,12.92,,,NC,Norte.Control,control,control_control,C,control,Control.Laja,High,C41,185,13/12/12,17/12/12,15/1/15,Yes
NC_292_La_Pa_yr2,292,Porites astreoides,Control,Ojo,24,0,6.1,,,,,,,,,,,,,NC,Norte.Control,control,control_ojo,La,ojo,Ojo.Laja,Low,L35,185,13/12/12,17/12/12,15/1/15,Yes
NC_293_N_Pa_yr2,293,,,,,,,,,,,,,,,,,,,NC,Norte.Control,control,control_ojo,N,ojo,Ojo.Norte,Low,N14,185,13/12/12,18/12/12,14/1/15,Yes
NC_294_C_Pa_yr2,294,Porites astreoides,Control,Control,24,0,11.8,1.605203412,7,6.5002,8.833,1683333,1.036,1812764.376,9.51,5.24733E-06,5.25,1.12,1.81,NC,Norte.Control,control,control_control,C,control,Control.Laja,High,C45,281,13/12/12,17/12/12,15/1/15,Yes
NC_295_La_Pa_yr2,295,Porites astreoides,Control,Ojo,24,0,7.7,1.078078699,35,10.9053333,122.31112,14833333,1.68,47606674.71,392.55,8.24569E-06,8.25,5.39,47.61,NC,Norte.Control,control,control_ojo,La,ojo,Ojo.Laja,Low,L24,281,13/12/12,17/12/12,15/1/15,Yes
NC_297_C_Pa_yr2,297,Porites astreoides,Control,Control,24,0,6.3,1.540923077,38,12.597044,,,0.618,,,,,1.86,,NC,Norte.Control,control,control_control,C,control,Control.Laja,High,C12,341,13/12/12,17/12/12,15/1/15,Yes
NC_298_La_Pa_yr2,298,Porites astreoides,Control,Ojo,24,0,17,,20,5.57046068,80.94644,9666667,0.682,34706885.32,290.63,8.37377E-06,8.37,2.45,34.71,NC,Norte.Control,control,control_ojo,La,ojo,Ojo.Laja,Low,L30,341,13/12/12,17/12/12,15/1/15,Yes
NC_300_C_Pa_yr2,300,Porites astreoides,Control,Control,24,0,6.6,1.545665011,18,4.5728089,12.82404,2816667,0.287,11087278.54,50.48,4.55291E-06,4.55,1.13,11.09,NC,Norte.Control,control,control_control,C,control,Control.Laja,High,C2,83,13/12/12,17/12/12,15/1/15,Yes
NC_311_La_Pa_yr2,311,Porites astreoides,Control,Ojo,22,1,,,,,,,,,,,,,,NC,Norte.Control,control,control_ojo,La,ojo,Ojo.Laja,Low,L14,83,13/12/12,17/12/12,15/1/15,Yes
NC_312_N_Pa_yr2,312,,,,,,,,,,,,,,,,,,,NC,Norte.Control,control,control_ojo,N,ojo,Ojo.Norte,Low,N13,83,13/12/12,18/12/12,14/1/15,Yes
NC_313_C_Pa_yr2,313,Porites astreoides,Control,Control,24,0,5.9,1.623551106,15,7.50266865,22.51916,3566667,0.354,7130796.72,45.02,6.31378E-06,6.31,0.71,7.13,NC,Norte.Control,control,control_control,C,control,Control.Laja,High,C42,81,13/12/12,17/12/12,15/1/15,Yes
NC_314_La_Pa_yr2,314,Porites astreoides,Control,Ojo,24,0,7.8,1.06652182,25,5.7430454,115.14528,10633333,1.264,46287867.58,501.24,1.08287E-05,10.83,5.50,46.29,NC,Norte.Control,control,control_ojo,La,ojo,Ojo.Laja,Low,L17,81,13/12/12,17/12/12,15/1/15,Yes
NC_316_C_Pa_yr2,316,Porites astreoides,Control,Control,24,0,6.3,,26,,3.08144,2312500,0.202,,,1.33251E-06,1.33,,,NC,Norte.Control,control,control_control,C,control,Control.Laja,High,C8,308,13/12/12,17/12/12,15/1/15,Yes
NC_317_La_Pa_yr2,317,Porites astreoides,Control,Ojo,24,0,10.8,1.073974566,7,7.368654,27.72868,4666667,0.3,4433193.498,26.34,5.94186E-06,5.94,0.28,4.43,NC,Norte.Control,control,control_ojo,La,ojo,Ojo.Laja,Low,L21,308,13/12/12,17/12/12,15/1/15,Yes
NC_318_N_Pa_yr2,318,,,,,,,,,,,,,,,,,,,NC,Norte.Control,control,control_ojo,N,ojo,Ojo.Norte,Low,N59,308,13/12/12,18/12/12,14/1/15,Yes
NC_319_C_Pa_yr2,319,Porites astreoides,Control,Control,24,0,6.7,1.472294372,16,10.4521864,15.01296,4662500,1.078,7137262.688,22.98,3.21994E-06,3.22,1.65,7.14,NC,Norte.Control,control,control_control,C,control,Control.Laja,High,C44,105,13/12/12,17/12/12,15/1/15,Yes
NC_320_La_Pa_yr2,320,Porites astreoides,Control,Ojo,22,1,,,,,,,,,,,,,,NC,Norte.Control,control,control_ojo,La,ojo,Ojo.Laja,Low,L5,105,13/12/12,17/12/12,15/1/15,Yes
NC_322_C_Pa_yr2,322,Porites astreoides,Control,Control,24,0,9.3,1.698175367,15,5.767732,9.19204,2216667,0.216,5764831.826,23.91,4.14678E-06,4.15,0.56,5.76,NC,Norte.Control,control,control_control,C,control,Control.Laja,High,C30,38,13/12/12,17/12/12,15/1/15,Yes
NC_325_C_Pa_yr2,325,Porites astreoides,Control,Control,24,0,9.4,1.735373282,36,9.5646316,53.85636,9266667,0.604,34878500.91,202.71,5.81184E-06,5.81,2.27,34.88,NC,Norte.Control,control,control_control,C,control,Control.Laja,High,C57,670,13/12/12,17/12/12,15/1/15,Yes
NC_326_La_Pa_yr2,326,Porites astreoides,Control,Ojo,24,0,5.1,1.210605908,17,10.6769689,75.10632,9225000,1.041,14688157.42,119.59,8.14161E-06,8.14,1.66,14.69,NC,Norte.Control,control,control_ojo,La,ojo,Ojo.Laja,Low,L59,670,13/12/12,17/12/12,15/1/15,Yes
NC_327_N_Pa_yr2,327,,,,,,,,,,,,,,,,,,,NC,Norte.Control,control,control_ojo,N,ojo,Ojo.Norte,Low,N49,670,13/12/12,18/12/12,14/1/15,Yes
NO_261_C_Pa_yr2,261,Porites astreoides,Ojo,Control,24,0,7.5,1.615812815,14,7.8499798,25.51632,4633333,0.818,8263290.308,45.51,5.50712E-06,5.51,1.46,8.26,NO,Norte.Ojo,ojo,ojo_control,C,control,Control.Laja,High,C58,440,12/12/12,17/12/12,15/1/15,Yes
NO_264_C_Pa_yr2,264,Porites astreoides,Ojo,Control,24,0,8,,25,,25.29436,6000000,,,,4.21573E-06,4.22,,,NO,Norte.Ojo,ojo,ojo_control,C,control,Control.Laja,High,C7,692,12/12/12,17/12/12,15/1/15,Yes
NO_265_La_Pa_yr2,265,Porites astreoides,Ojo,Ojo,22,1,,,,,,,,,,,,,,NO,Norte.Ojo,ojo,ojo_ojo,La,ojo,Ojo.Laja,Low,L25,692,12/12/12,17/12/12,15/1/15,Yes
NO_266_N_Pa_yr2,266,,,,,,,,,,,,,,,,,,,NO,Norte.Ojo,ojo,ojo_ojo,N,ojo,Ojo.Norte,Low,N45,692,12/12/12,18/12/12,14/1/15,Yes
NO_267_C_Pa_yr2,267,Porites astreoides,Ojo,Control,24,0,8.5,1.496322901,62,37.4582,,4300000,,7117266.713,,,,,7.12,NO,Norte.Ojo,ojo,ojo_control,C,control,Control.Laja,High,C56,264,12/12/12,17/12/12,15/1/15,Yes
NO_268_La_Pa_yr2,268,Porites astreoides,Ojo,Ojo,24,0,14.1,1.06627152,7,2.9439732,27.97088,3066667,0.261,7291733.838,66.51,9.12094E-06,9.12,0.62,7.29,NO,Norte.Ojo,ojo,ojo_ojo,La,ojo,Ojo.Laja,Low,L51,264,12/12/12,17/12/12,15/1/15,Yes
NO_270_C_Pa_yr2,270,Porites astreoides,Ojo,Control,24,0,9.1,1.692417062,23,12.062934,18.45076,5200000,0.689,9914669.184,35.18,3.54822E-06,3.55,1.31,9.91,NO,Norte.Ojo,ojo,ojo_control,C,control,Control.Laja,High,C54,230,12/12/12,17/12/12,15/1/15,Yes
NO_271_La_Pa_yr2,271,Porites astreoides,Ojo,Ojo,24,0,13.6,1.287319523,23,7.3011019,45.18876,7437500,0.395,23429682.58,142.35,6.0758E-06,6.08,1.24,23.43,NO,Norte.Ojo,ojo,ojo_ojo,La,ojo,Ojo.Laja,Low,L43,230,12/12/12,17/12/12,15/1/15,Yes
NO_272_N_Pa_yr2,272,,,,,,,,,,,,,,,,,,,NO,Norte.Ojo,ojo,ojo_ojo,N,ojo,Ojo.Norte,Low,N15,230,12/12/12,18/12/12,14/1/15,Yes
NO_274_La_Pa_yr2,274,Porites astreoides,Ojo,Ojo,24,1,,,,,,,,,,,,,,NO,Norte.Ojo,ojo,ojo_ojo,La,ojo,Ojo.Laja,Low,L44,550,12/12/12,17/12/12,15/1/15,Yes
NO_275_N_Pa_yr2,275,,,,,,,,,,,,,,,,,,,NO,Norte.Ojo,ojo,ojo_ojo,N,ojo,Ojo.Norte,Low,N48,550,12/12/12,18/12/12,14/1/15,Yes
NO_276_C_Pa_yr2,276,Porites astreoides,Ojo,Control,24,0,8.4,1.578691906,25,6.7694,28.22164,4600000,0.458,16988211.66,104.23,6.13514E-06,6.14,1.69,16.99,NO,Norte.Ojo,ojo,ojo_control,C,control,Control.Laja,High,C59,683,12/12/12,17/12/12,15/1/15,Yes
NO_277_La_Pa_yr2,277,Porites astreoides,Ojo,Ojo,24,0,9.5,1.027359175,30,8.1400554,131.90652,20833333,1.209,76780802.99,486.14,6.33151E-06,6.33,4.46,76.78,NO,Norte.Ojo,ojo,ojo_ojo,La,ojo,Ojo.Laja,Low,L27,683,12/12/12,17/12/12,15/1/15,Yes
NO_278_N_Pa_yr2,278,,,,,,,,,,,,,,,,,,,NO,Norte.Ojo,ojo,ojo_ojo,N,ojo,Ojo.Norte,Low,N44,683,12/12/12,18/12/12,14/1/15,Yes
NO_279_C_Pa_yr2,279,Porites astreoides,Ojo,Control,24,0,8.6,1.553914411,7.5,6.1475065,9.35956,2450000,0.166,2989016.766,11.42,3.82023E-06,3.82,0.20,2.99,NO,Norte.Ojo,ojo,ojo_control,C,control,Control.Laja,High,C16,570,12/12/12,17/12/12,15/1/15,Yes
NO_280_La_Pa_yr2,280,Porites astreoides,Ojo,Ojo,24,1,,,,,,,,,,,0.00,,,NO,Norte.Ojo,ojo,ojo_ojo,La,ojo,Ojo.Laja,Low,L6,570,12/12/12,17/12/12,15/1/15,Yes
NO_282_C_Pa_yr2,282,Porites astreoides,Ojo,Control,24,0,6.3,1.609842417,17,17.8302814,39.04828,8500000,0.861,8104190.661,37.23,4.59392E-06,4.59,0.82,8.10,NO,Norte.Ojo,ojo,ojo_control,C,control,Control.Laja,High,C39,674,12/12/12,17/12/12,15/1/15,Yes
NO_288_C_Pa_yr2,288,Porites astreoides,Ojo,Control,24,0,6.1,1.523545706,26,10.2265608,23.94464,7583333.333,0.547,19279860.6,60.88,3.15753E-06,3.16,1.39,19.28,NO,Norte.Ojo,ojo,ojo_control,C,control,Control.Laja,High,C47,463,12/12/12,17/12/12,15/1/15,Yes
NO_289_La_Pa_yr2,289,Porites astreoides,Ojo,Ojo,24,0,17,1.138771899,10,3.6516672,42.2156,4300000,0.203,11775443.28,115.61,9.81758E-06,9.82,0.56,11.78,NO,Norte.Ojo,ojo,ojo_ojo,La,ojo,Ojo.Laja,Low,L53,463,12/12/12,17/12/12,15/1/15,Yes
PC_349_C_Sid_yr2,349,Siderastrea,Control,Control,24,0,4.4,1.665429309,6,1.8768662,,1800000,1.145,5754272.734,,,,3.66,5.75,PC,Pargos.Control,Control,control_control,C,control,Control.Laja,High,C10,650,14/12/12,17/12/12,15/1/15,Yes
PC_350_La_Sid_yr2,350,Siderastrea,Control,Ojo,24,0,5.3,1.344448882,10,11.3458,64.58588,13000000,2.129,11457984.45,56.92,4.96814E-06,4.97,1.88,11.46,PC,Pargos.Control,Control,control_ojo,La,ojo,Ojo.Laja,Low,L31,650,14/12/12,17/12/12,15/1/15,Yes
PC_361_N_Sid_yr2,361,,,,,,,,,,,,,,,,0.00,,,PC,Pargos.Control,Control,control_ojo,N,ojo,Ojo.Norte,Low,N7,650,14/12/12,18/12/12,14/1/15,Yes
PC_362_C_Sid_yr2,362,Siderastrea,Control,Control,24,0,1.7,,16,6.1297616,10.187,3220000,0.449,8404894.572,26.59,3.16366E-06,3.16,1.17,8.40,PC,Pargos.Control,Control,control_control,C,control,Control.Laja,High,C43,702,14/12/12,17/12/12,15/1/15,Yes
PC_363_La_Sid_yr2,363,Siderastrea,Control,Ojo,24,0,1.4,,5,6.6108156,13.94916,1183333,0.266,894997.7367,10.55,1.1788E-05,11.79,0.20,0.89,PC,Pargos.Control,Control,control_ojo,La,ojo,Ojo.Laja,Low,L46,702,14/12/12,17/12/12,15/1/15,Yes
PC_364_N_Sid_yr2,364,,,,,,,,,,,,,,,,,,,PC,Pargos.Control,Control,control_ojo,N,ojo,Ojo.Norte,Low,N43,702,14/12/12,18/12/12,14/1/15,Yes
PC_365_C_Sid_yr2,365,Siderastrea,Control,Control,24,0,2.4,,4,0.3086,1.08832,533333,0.449,6912935.839,14.11,2.0406E-06,2.04,5.82,6.91,PC,Pargos.Control,Control,control_control,C,control,Control.Laja,High,C1,55,14/12/12,17/12/12,15/1/15,Yes
PC_366_La_Sid_yr2,366,Siderastrea,Control,Ojo,24,0,7.4,1.430891089,20,6.6103272,83.93932,12166667,0.713,36811088.56,253.96,6.89912E-06,6.90,2.16,36.81,PC,Pargos.Control,Control,control_ojo,La,ojo,Ojo.Laja,Low,L9,55,14/12/12,17/12/12,15/1/15,Yes
PC_368_C_Sid_yr2,368,Siderastrea,Control,Control,24,0,2.1,,7,0.443637,7.2608,2800000,,44180264.5,114.57,2.59314E-06,2.59,,44.18,PC,Pargos.Control,Control,control_control,C,control,Control.Laja,High,C17,549,14/12/12,17/12/12,15/1/15,Yes
PC_370_N_Sid_yr2,370,,,,,,,,,,,,,,,,,,,PC,Pargos.Control,Control,control_ojo,N,ojo,Ojo.Norte,Low,N10,549,14/12/12,18/12/12,14/1/15,Yes
PC_371_C_Sid_yr2,371,Siderastrea,Control,Control,24,0,5.2,1.771962147,10,10.1523131,4.62056,3216667,0.448,3168407.996,4.55,1.43644E-06,1.44,0.44,3.17,PC,Pargos.Control,Control,control_control,C,control,Control.Laja,High,C31,617,14/12/12,17/12/12,15/1/15,Yes
PC_372_La_Sid_yr2,372,Siderastrea,Control,Ojo,24,0,3.9,1.562246964,16,2.73872023,11.5794,3100000,0.395,18110648.71,67.65,3.73529E-06,3.74,2.31,18.11,PC,Pargos.Control,Control,control_ojo,La,ojo,Ojo.Laja,Low,L34,617,14/12/12,17/12/12,15/1/15,Yes
PC_373_N_Sid_yr2,373,,,,,,,,,,,,,,,,,,,PC,Pargos.Control,Control,control_ojo,N,ojo,Ojo.Norte,Low,N4,617,14/12/12,18/12/12,14/1/15,Yes
PC_374_C_Sid_yr2,374,Siderastrea,Control,Control,24,0,2,,3,1.80846244,2.0438,550000,0.045,912377.2568,3.39,0.000003716,3.72,0.07,0.91,PC,Pargos.Control,Control,control_control,C,control,Control.Laja,High,C33,703,14/12/12,17/12/12,15/1/15,Yes
PC_375_La_Sid_yr2,375,Siderastrea,Control,Ojo,24,0,4.5,1.254185693,6,6.4166112,31.21184,7366667,0.314,6888371.544,29.19,4.2369E-06,4.24,0.29,6.89,PC,Pargos.Control,Control,control_ojo,La,ojo,Ojo.Laja,Low,L52,703,14/12/12,17/12/12,15/1/15,Yes
PC_376_N_Sid_yr2,376,,,,,,,,,,,,,,,,,,,PC,Pargos.Control,Control,control_ojo,N,ojo,Ojo.Norte,Low,N19,703,14/12/12,18/12/12,14/1/15,Yes
PO_331_C_Sid_yr2,331,Siderastrea,Ojo,Control,24,0,2.5,1.427867384,6,2.6641872,3.90408,1150000,0.155,2589908.097,8.79,3.39485E-06,3.39,0.35,2.59,PO,Pargos.Ojo,Ojo,ojo_control,C,control,Control.Laja,High,C15,521,14/12/12,17/12/12,15/1/15,Yes
PO_332_La_Sid_yr2,332,Siderastrea,Ojo,Ojo,24,0,5.7,1.242825607,13,6.2747458,54.35516,9000000,0.69,18646173.68,112.61,6.03946E-06,6.04,1.43,18.65,PO,Pargos.Ojo,Ojo,ojo_ojo,La,ojo,Ojo.Laja,Low,L36,521,14/12/12,17/12/12,15/1/15,Yes
PO_333_N_Sid_yr2,333,,,,,,,,,,,,,,,,,,,PO,Pargos.Ojo,Ojo,ojo_ojo,N,ojo,Ojo.Norte,Low,N41,521,14/12/12,18/12/12,14/1/15,Yes
PO_334_C_Sid_yr2,334,Siderastrea,Ojo,Control,24,0,3.8,,6,5.3632992,7.0266,1666667,0.149,1864524.358,7.86,4.21596E-06,4.22,0.17,1.86,PO,Pargos.Ojo,Ojo,ojo_control,C,control,Control.Laja,High,C14,661,14/12/12,17/12/12,15/1/15,Yes
PO_335_La_Sid_yr2,335,Siderastrea,Ojo,Ojo,24,0,,,15,,36.70892,7900000,0.688,,,4.6467E-06,4.65,,,PO,Pargos.Ojo,Ojo,ojo_ojo,La,ojo,Ojo.Laja,Low,L28,661,14/12/12,17/12/12,15/1/15,Yes
PO_336_N_Sid_yr2,336,,,,,,,,,,,,,,,,0.00,,,PO,Pargos.Ojo,Ojo,ojo_ojo,N,ojo,Ojo.Norte,Low,N28,661,14/12/12,18/12/12,14/1/15,Yes
PO_337_C_Sid_yr2,337,Siderastrea,Ojo,Control,24,0,2.7,1.538586957,10,6.8088608,4.49252,1225000,0.785,1799126.221,6.60,3.66736E-06,3.67,1.15,1.80,PO,Pargos.Ojo,Ojo,ojo_control,C,control,Control.Laja,High,C4,665,14/12/12,17/12/12,15/1/15,Yes
PO_338_La_Sid_yr2,338,Siderastrea,Ojo,Ojo,24,0,3.8,1.377498388,10,5.55411743,22.77896,4833333,0.697,8702252.088,41.01,4.71289E-06,4.71,1.25,8.70,PO,Pargos.Ojo,Ojo,ojo_ojo,La,ojo,Ojo.Laja,Low,L7,665,14/12/12,17/12/12,15/1/15,Yes
PO_339_N_Sid_yr2,339,,,,,,,,,,,,,,,,,,,PO,Pargos.Ojo,Ojo,ojo_ojo,N,ojo,Ojo.Norte,Low,N23,665,14/12/12,18/12/12,14/1/15,Yes
PO_340_C_Sid_yr2,340,Siderastrea,Ojo,Control,24,0,1.9,,4,2.32142258,0.86052,180000,0.026,310154.6466,1.48,4.78067E-06,4.78,0.04,0.31,PO,Pargos.Ojo,Ojo,ojo_control,C,control,Control.Laja,High,C32,653,14/12/12,17/12/12,15/1/15,Yes
PO_341_La_Sid_yr2,341,Siderastrea,Ojo,Ojo,24,0,2.5,1.317516406,9,3.50205896,27.58464,3200000,0.35,8223733.618,70.89,8.6202E-06,8.62,0.90,8.22,PO,Pargos.Ojo,Ojo,ojo_ojo,La,ojo,Ojo.Laja,Low,L57,653,14/12/12,17/12/12,15/1/15,Yes
PO_342_N_Sid_yr2,342,,,,,,,,,,,,,,,,,,,PO,Pargos.Ojo,Ojo,ojo_ojo,N,ojo,Ojo.Norte,Low,N5,653,14/12/12,18/12/12,14/1/15,Yes
PO_343_C_Sid_yr2,343,Siderastrea,Ojo,Control,24,0,3.1,1.478737997,4,7.64409224,1.67836,550000,0.133,287803.9577,0.88,3.05156E-06,3.05,0.07,0.29,PO,Pargos.Ojo,Ojo,ojo_control,C,control,Control.Laja,High,C11,263,14/12/12,17/12/12,15/1/15,Yes
PO_344_La_Sid_yr2,344,Siderastrea,Ojo,Ojo,24,0,3.4,1.226329206,6,7.17384246,38.15468,5216667,0.436,4363073.51,31.91,7.314E-06,7.31,0.36,4.36,PO,Pargos.Ojo,Ojo,ojo_ojo,La,ojo,Ojo.Laja,Low,L12,263,14/12/12,17/12/12,15/1/15,Yes
PO_345_N_Sid_yr2,345,,,,,,,,,,,,,,,,,,,PO,Pargos.Ojo,Ojo,ojo_ojo,N,ojo,Ojo.Norte,Low,N46,263,14/12/12,18/12/12,14/1/15,Yes
PO_347_La_Sid_yr2,347,Siderastrea,Ojo,Ojo,24,0,4.3,1.362378757,7,3.24645053,18.23736,3450000,0.208,7438893.578,39.32,5.28619E-06,5.29,0.45,7.44,PO,Pargos.Ojo,Ojo,ojo_ojo,La,ojo,Ojo.Laja,Low,L40,648,14/12/12,17/12/12,15/1/15,Yes
PO_348_N_Sid_yr2,348,,,,,,,,,,,,,,,,,,,PO,Pargos.Ojo,Ojo,ojo_ojo,N,ojo,Ojo.Norte,Low,N56,648,14/12/12,18/12/12,14/1/15,Yes
R_003_C_Sid_yr2,3,Siderastrea,Reef,Control,24,0,4.7,1.653835187,7,7.1210136,3.89128,1500000,0.212,1474509.191,3.83,2.59419E-06,2.59,0.21,1.47,R,Reef,Reef,reef_control,C,control,Control.Laja,High,C36,448,15/12/12,17/12/12,15/1/15,Yes
R_004_La_Sid_yr2,4,Siderastrea,Reef,Ojo,24,0,4.8,1.154639175,16,6.15162665,30.92484,7550000,0.676,19637082.49,80.43,4.09601E-06,4.10,1.76,19.64,R,Reef,Reef,reef_ojo,La,ojo,Ojo.Laja,Low,L16,448,15/12/12,17/12/12,15/1/15,Yes
R_005_N_Sid_yr2,5,,,,,,,,,,,,,,,,,,,R,Reef,Reef,reef_ojo,N,ojo,Ojo.Norte,Low,N42,448,15/12/12,18/12/12,14/1/15,Yes
R_009_C_Sid_yr2,9,Siderastrea,Reef,Control,24,0,7.4,,,,,,,,,,,,,R,Reef,Reef,reef_control,C,control,Control.Laja,High,C48,689,15/12/12,17/12/12,15/1/15,Yes
R_010_La_Sid_yr2,10,Siderastrea,Reef,Ojo,24,0,7,,27,,,2450000,0.168,,,,,,,R,Reef,Reef,reef_ojo,La,ojo,Ojo.Laja,Low,L54,689,15/12/12,17/12/12,15/1/15,Yes
R_011_N_Sid_yr2,11,,,,,,,,,,,,,,,,,,,R,Reef,Reef,reef_ojo,N,ojo,Ojo.Norte,Low,N47,689,15/12/12,18/12/12,14/1/15,Yes
R_012_C_Sid_yr2,12,Siderastrea,Reef,Control,24,0,4.9,1.740791004,4,,2.80776,1233333,0.139,,,2.27656E-06,2.28,,,R,Reef,Reef,reef_control,C,control,Control.Laja,High,C21,61,15/12/12,17/12/12,15/1/15,Yes
R_013_La_Sid_yr2,13,Siderastrea,Reef,Ojo,24,0,9.3,1.572895277,15,7.879174,39.66712,10500000,0.79,19989404.98,75.52,3.77782E-06,3.78,1.50,19.99,R,Reef,Reef,reef_ojo,La,ojo,Ojo.Laja,Low,L39,61,15/12/12,17/12/12,15/1/15,Yes
R_014_N_Sid_yr2,14,,,,,,,,,,,,,,,,,,,R,Reef,Reef,reef_ojo,N,ojo,Ojo.Norte,Low,N51,61,15/12/12,18/12/12,14/1/15,Yes
R_015_C_Sid_yr2,15,Siderastrea,Reef,Control,24,0,3.9,1.688376561,5,4.8398659,5.48108,1683333,0.203,1739028.554,5.66,3.25609E-06,3.26,0.21,1.74,R,Reef,Reef,reef_control,C,control,Control.Laja,High,C26,622,15/12/12,17/12/12,15/1/15,Yes
R_017_N_Sid_yr2,17,,,,,,,,,,,,,,,,,,,R,Reef,Reef,reef_ojo,N,ojo,Ojo.Norte,Low,N16,622,15/12/12,18/12/12,14/1/15,Yes
R_018_C_Sid_yr2,18,Siderastrea,Reef,Control,24,0,7.5,1.618497914,6,1.04472,2.35696,516667,0.129,2967304.158,13.54,4.56186E-06,4.56,0.74,2.97,R,Reef,Reef,reef_control,C,control,Control.Laja,High,C52,647,15/12/12,17/12/12,15/1/15,Yes
R_019_La_Sid_yr2,19,Siderastrea,Reef,Ojo,24,0,7.1,1.448234984,17,10.1361192,24.66432,4783333,0.524,8022464.949,41.37,5.1563E-06,5.16,0.88,8.02,R,Reef,Reef,reef_ojo,La,ojo,Ojo.Laja,Low,L29,647,15/12/12,17/12/12,15/1/15,Yes
R_020_N_Sid_yr2,20,,,,,,,,,,,,,,,,,,,R,Reef,Reef,reef_ojo,N,ojo,Ojo.Norte,Low,N21,647,15/12/12,18/12/12,14/1/15,Yes
R_021_C_Sid_yr2,21,Siderastrea,Reef,Control,24,0,5.5,1.701846966,12,6.7358964,5.12204,1350000,0.312,2405025.113,9.12,3.7941E-06,3.79,0.56,2.41,R,Reef,Reef,reef_control,C,control,Control.Laja,High,C6,576,15/12/12,17/12/12,15/1/15,Yes
R_022_La_Sid_yr2,22,Siderastrea,Reef,Ojo,24,0,9.2,1.484726896,35,8.3224476,47.02236,15600000,0.479,65605699.94,197.75,3.01425E-06,3.01,2.01,65.61,R,Reef,Reef,reef_ojo,La,ojo,Ojo.Laja,Low,L19,576,15/12/12,17/12/12,15/1/15,Yes
R_024_C_Sid_yr2,24,Siderastrea,Reef,Control,24,0,5.2,1.590317665,9,8.1899676,17.74548,7100000,1.33,7802228.668,19.50,2.49936E-06,2.50,1.46,7.80,R,Reef,Reef,reef_control,C,control,Control.Laja,High,C22,678,15/12/12,17/12/12,15/1/15,Yes
R_025_La_Sid_yr2,25,Siderastrea,Reef,Ojo,24,0,2.9,,5,1.30073214,2.86004,850000,0.057,3267390.625,10.99,3.36475E-06,3.36,0.22,3.27,R,Reef,Reef,reef_ojo,La,ojo,Ojo.Laja,Low,L47,678,15/12/12,17/12/12,15/1/15,Yes
R_026_N_Sid_yr2,26,,,,,,,,,,,,,,,,,,,R,Reef,Reef,reef_ojo,N,ojo,Ojo.Norte,Low,N24,678,15/12/12,18/12/12,14/1/15,Yes
R_027_C_Sid_yr2,27,Siderastrea,Reef,Control,24,0,8,1.637389034,5,21.8759432,10.1902,3500000,0.292,799965.5073,2.33,2.91149E-06,2.91,0.07,0.80,R,Reef,Reef,reef_control,C,control,Control.Laja,High,C35,686,15/12/12,17/12/12,15/1/15,Yes
R_029_N_Sid_yr2,29,,,,,,,,,,,,,,,,,,,R,Reef,Reef,reef_ojo,N,ojo,Ojo.Norte,Low,N17,686,15/12/12,18/12/12,14/1/15,Yes
R_030_C_Sid_yr2,30,Siderastrea,Reef,Control,24,0,8.9,1.63141955,10,14.6774792,19.19552,5210000,0.815,3549655.856,13.08,3.68436E-06,3.68,0.56,3.55,R,Reef,Reef,reef_control,C,control,Control.Laja,High,C46,472,15/12/12,17/12/12,15/1/15,Yes
R_031_La_Sid_yr2,31,Siderastrea,Reef,Ojo,24,0,4.7,,14,,7.4822,1250000,0.864,,,5.98576E-06,5.99,,,R,Reef,Reef,reef_ojo,La,ojo,Ojo.Laja,Low,L23,472,15/12/12,17/12/12,15/1/15,Yes
R_033_C_Pp_yr2,33,Porites porites,Reef,Control,24,0,,,10,,10.54924,1866667,0.377,,,5.65138E-06,5.65,,,R,Reef,Reef,reef_control,C,control,Control.Laja,High,C55,454,15/12/12,17/12/12,15/1/15,Yes
R_036_C_Pp_yr2,36,Porites porites,Reef,Control,24,0,34.3,1.647635596,20,5.6946536,17.7044,5016667,0.762,17618866.23,62.18,3.52912E-06,3.53,2.68,17.62,R,Reef,Reef,reef_control,C,control,Control.Laja,High,C13,610,15/12/12,17/12/12,15/1/15,Yes
R_045_C_Pp_yr2,45,Porites porites,Reef,Control,24,0,39.1,1.722061192,5,,6.49684,,,,,,,,,R,Reef,Reef,reef_control,C,control,Control.Laja,High,C18,144,15/12/12,17/12/12,15/1/15,Yes
R_048_C_Pp_yr2,48,Porites porites,Reef,Control,24,0,18.7,1.339451982,11,4.32510503,10.30276,3966667,0.527,10088387.84,26.20,2.59733E-06,2.60,1.34,10.09,R,Reef,Reef,reef_control,C,control,Control.Laja,High,C5,199,15/12/12,17/12/12,15/1/15,Yes
R_049_La_Pp_yr2,49,Porites porites,Reef,Ojo,24,0,11.4,1.28680935,10,,20.90908,2733333,0.433,,,7.64966E-06,7.65,,,R,Reef,Reef,reef_ojo,La,ojo,Ojo.Laja,Low,L55,199,15/12/12,17/12/12,15/1/15,Yes
R_051_C_Pp_yr2,51,Porites porites,Reef,Control,24,0,26.1,1.652942277,7,5.8494728,2.30948,983333,0.202,1176743.826,2.76,2.34862E-06,2.35,0.24,1.18,R,Reef,Reef,reef_control,C,control,Control.Laja,High,C53,124,15/12/12,17/12/12,15/1/15,Yes
R_052_La_Pp_yr2,52,Porites porites,Reef,Ojo,24,1,,,,,,,,,,,,,,R,Reef,Reef,reef_ojo,La,ojo,Ojo.Laja,Low,L11,124,15/12/12,17/12/12,15/1/15,Yes
R_054_C_Pp_yr2,54,Porites porites,Reef,Control,24,0,15.9,1.720439049,,,,4133333,,,,,,,,R,Reef,Reef,reef_control,C,control,Control.Laja,High,C20,97,15/12/12,17/12/12,15/1/15,Yes
R_057_C_Pp_yr2,57,Porites porites,Reef,Control,24,0,17.7,1.715022936,40,20.4124944,49.56816,7300000,1.039,14304964.12,97.13,6.79016E-06,6.79,2.04,14.30,R,Reef,Reef,reef_control,C,control,Control.Laja,High,C29,666,15/12/12,17/12/12,15/1/15,Yes
R_058_La_Pp_yr2,58,Porites porites,Reef,Ojo,24,0,10.2,1.204991087,5,0.3337344,18.90208,2000000,0.143,29963947.38,283.19,9.45104E-06,9.45,2.14,29.96,R,Reef,Reef,reef_ojo,La,ojo,Ojo.Laja,Low,L38,666,15/12/12,17/12/12,15/1/15,Yes
,,,,,,,,,,,,,,,,,,,,,,,,,,,,,,,,,